symbol,side,entry_time,exit_time,rank,score,feature_score,estimated_win_rate,selection_score,entry_price,exit_price,stop_loss,take_profit,risk_pct,net_r,gross_r,cost_r,mfe_r,mae_r,win,close_reason
HEIUSDT,SHORT,2026-06-10T08:15:00+00:00,2026-06-10T08:44:59.999000+00:00,1,24.06,100.0,0.725,77.609,0.09064,0.0914329868,0.0914329868,0.0890540264,0.874875,-1.206801,-1.11536,0.091442,0.176548,-2.105962,False,SL
SPCXUSDT,LONG,2026-06-10T11:25:00+00:00,2026-06-10T11:44:59.999000+00:00,1,35.04,95.38,0.6602,74.5856,164.8,163.6305631047,163.6305631047,167.1388737906,0.70961,-1.252591,-1.139853,0.112738,0.547272,-1.539202,False,SL
SLXUSDT,LONG,2026-06-10T12:30:00+00:00,2026-06-10T12:39:59.999000+00:00,2,24.45,100.0,0.725,77.6675,0.18867,0.1896682061,0.1870899798,0.1918300403,0.837452,0.60019,0.695718,0.095528,1.645549,-0.13291,True,LOCKED_STOP
ZECUSDT,LONG,2026-06-10T12:40:00+00:00,2026-06-10T12:54:59.999000+00:00,1,41.99,99.4,0.6731,77.9517,425.52,426.2482479911,421.8787600447,432.8024799107,0.855715,0.389108,0.482597,0.093489,1.035362,-0.269139,True,LOCKED_STOP
SNDKUSDT,LONG,2026-06-10T13:20:00+00:00,2026-06-10T13:34:59.999000+00:00,1,19.0,91.92,0.6491,70.1798,1630.95,1616.4273701046,1616.4273701046,1659.9952597909,0.89044,-1.201092,-1.111248,0.089843,0.356685,-3.415359,False,SL
ZECUSDT,LONG,2026-06-10T13:40:00+00:00,2026-06-10T13:49:59.999000+00:00,1,35.95,100.0,0.675,77.3925,439.2,443.3637528038,434.1315383944,449.3369232112,1.154021,0.753908,0.823231,0.069323,1.842768,-0.165731,True,LOCKED_STOP
ZECUSDT,LONG,2026-06-10T14:10:00+00:00,2026-06-10T14:19:59.999000+00:00,1,28.55,100.0,0.725,78.2825,442.69,437.8445927121,437.8445927121,452.3808145759,1.094537,-1.163408,-1.090318,0.07309,0.11351,-1.446731,False,SL
QNTXUSDT,SHORT,2026-06-10T16:10:00+00:00,2026-06-10T16:39:59.999000+00:00,1,15.44,97.33,0.7165,74.7727,51.26,51.6298654565,51.6298654565,50.520269087,0.721548,-1.250534,-1.139661,0.110873,0.702958,-1.108511,False,SL
ZECUSDT,SHORT,2026-06-10T17:00:00+00:00,2026-06-10T17:04:59.999000+00:00,1,20.07,89.12,0.6402,68.7219,424.4,428.2122094209,428.2122094209,416.7755811583,0.898259,-1.201444,-1.112383,0.089061,0.0,-1.295836,False,SL
ZECUSDT,SHORT,2026-06-10T20:20:00+00:00,2026-06-10T21:14:59.999000+00:00,1,35.98,100.0,0.725,79.397,413.33,404.6198335326,416.9571573025,406.075685395,0.877545,1.497215,1.588378,0.091163,3.371786,-0.642376,True,AMBIGUOUS_STOP_FIRST
SLXUSDT,SHORT,2026-06-10T22:05:00+00:00,2026-06-10T22:19:59.999000+00:00,1,28.27,95.21,0.6597,73.4719,0.1722,0.1735827413,0.1735827413,0.1694345174,0.802986,-1.225226,-1.125598,0.099628,0.130176,-1.070338,False,SL
SLXUSDT,SHORT,2026-06-10T22:25:00+00:00,2026-06-10T22:44:59.999000+00:00,1,20.96,100.0,0.725,77.144,0.17205,0.1733082098,0.1733082098,0.1695335804,0.731305,-1.247204,-1.137811,0.109394,0.429181,-1.168327,False,SL
SOXLUSDT,SHORT,2026-06-10T23:10:00+00:00,2026-06-10T23:19:59.999000+00:00,1,19.81,98.38,0.7198,76.0351,172.25,171.242009357,173.5594946264,169.6310107473,0.760229,0.648927,0.754158,0.105231,1.756403,-0.57274,True,LOCKED_STOP
SOXLUSDT,LONG,2026-06-10T23:30:00+00:00,2026-06-10T23:59:59.999000+00:00,1,31.71,100.0,0.675,76.7565,174.83,173.2230786718,173.2230786718,178.0438426564,0.919134,-1.194783,-1.107744,0.087038,0.771662,-1.418862,False,SL
SKHYNIXUSDT,LONG,2026-06-11T00:25:00+00:00,2026-06-11T00:29:59.999000+00:00,1,55.34,100.0,0.675,80.301,1361.93,1346.7235915883,1346.7235915883,1392.3428168235,1.116534,-1.160169,-1.088519,0.07165,0.0,-1.096906,False,SL
MUUSDT,LONG,2026-06-11T01:05:00+00:00,2026-06-11T01:19:59.999000+00:00,1,35.14,99.62,0.6738,77.0514,916.11,917.6304082087,908.5079589566,931.3140820869,0.829817,0.382545,0.478952,0.096407,1.064188,-1.940268,True,LOCKED_STOP
BEATUSDT,LONG,2026-06-11T01:30:00+00:00,2026-06-11T01:39:59.999000+00:00,1,42.93,100.0,0.675,78.4395,7.4691,7.4916617998,7.3562910009,7.6947179981,1.510343,0.480255,0.533223,0.052968,1.189621,-0.878476,True,LOCKED_STOP
SKHYNIXUSDT,SHORT,2026-06-11T02:35:00+00:00,2026-06-11T02:39:59.999000+00:00,1,25.17,100.0,0.725,77.7755,1351.74,1363.9504525946,1363.9504525946,1327.3190948107,0.903314,-1.200322,-1.111759,0.088563,0.070431,-1.074489,False,SL
BEATUSDT,LONG,2026-06-11T11:40:00+00:00,2026-06-11T12:04:59.999000+00:00,1,25.43,92.79,0.7019,73.6471,8.6192,8.8582938203,8.5082580508,8.8410838984,1.287149,1.436181,1.498334,0.062153,3.196266,-0.950046,True,AMBIGUOUS_STOP_FIRST
BEATUSDT,LONG,2026-06-11T12:05:00+00:00,2026-06-11T12:09:59.999000+00:00,1,48.24,100.0,0.675,79.236,8.88,8.7640053989,8.7640053989,9.1119892021,1.306246,-1.136762,-1.075518,0.061244,0.756932,-1.541451,False,SL
BEATUSDT,LONG,2026-06-11T12:30:00+00:00,2026-06-11T12:34:59.999000+00:00,1,39.69,100.0,0.675,77.9535,8.9604,8.788434015,8.788434015,9.30433197,1.919178,-1.092765,-1.05108,0.041685,0.493121,-1.339218,False,SL
BEATUSDT,LONG,2026-06-11T12:40:00+00:00,2026-06-11T12:49:59.999000+00:00,1,42.3,100.0,0.675,78.345,8.9729,8.7806758789,8.7806758789,9.3573482422,2.142274,-1.083,-1.045657,0.037343,0.010405,-1.257907,False,SL
BEATUSDT,LONG,2026-06-11T12:50:00+00:00,2026-06-11T13:14:59.999000+00:00,1,30.32,100.0,0.725,78.548,8.8955,9.0784060657,8.6971978759,9.2921042481,2.229241,0.879497,0.915384,0.035887,1.966192,-0.532521,True,LOCKED_STOP
SOXLUSDT,LONG,2026-06-11T13:25:00+00:00,2026-06-11T13:34:59.999000+00:00,1,23.86,100.0,0.725,77.579,193.82,198.3452179131,191.5573910435,198.3452179131,1.167376,1.344352,1.412881,0.06853,2.209838,-0.654112,True,TP
QNTXUSDT,LONG,2026-06-11T13:45:00+00:00,2026-06-11T13:54:59.999000+00:00,1,44.81,100.0,0.675,78.7215,53.3,53.6956897989,52.8625834185,54.1748331629,0.820669,0.732079,0.82956,0.097481,1.920366,-0.2972,True,LOCKED_STOP
BLESSUSDT,LONG,2026-06-11T14:05:00+00:00,2026-06-11T14:14:59.999000+00:00,2,25.09,100.0,0.725,77.7635,0.005865,0.0058136627,0.0058136627,0.0059676746,0.875316,-1.204583,-1.113188,0.091396,0.370101,-1.071346,False,SL
SOXLUSDT,LONG,2026-06-11T16:15:00+00:00,2026-06-11T16:29:59.999000+00:00,1,26.27,100.0,0.725,77.9405,203.46,200.6107032875,200.6107032875,209.158593425,1.400421,-1.127498,-1.070372,0.057126,0.242165,-1.266979,False,SL
MUUSDT,LONG,2026-06-11T17:55:00+00:00,2026-06-11T18:09:59.999000+00:00,1,25.28,84.23,0.6745,68.6769,942.9,944.2820966905,935.9895165474,956.7209669052,0.732897,0.353868,0.463024,0.109156,1.124379,-1.086755,True,LOCKED_STOP
HYPEUSDT,LONG,2026-06-11T18:35:00+00:00,2026-06-11T19:34:59.999000+00:00,1,18.67,91.38,0.6974,71.8181,58.274,59.3504366125,57.7357816937,59.3504366125,0.923599,1.303665,1.390283,0.086618,2.484122,-0.509087,True,TP
SPCXUSDT,LONG,2026-06-11T23:35:00+00:00,2026-06-11T23:49:59.999000+00:00,1,17.55,94.44,0.7072,73.4188,171.04,169.8238838712,169.8238838712,173.4722322575,0.711013,-1.25209,-1.139575,0.112516,0.789398,-1.184097,False,SL
BLESSUSDT,LONG,2026-06-12T02:25:00+00:00,2026-06-12T02:54:59.999000+00:00,1,23.84,100.0,0.725,77.576,0.005556,0.0055891398,0.0055146974,0.0056386053,0.743388,0.658215,0.76583,0.107615,1.815864,-0.266327,True,LOCKED_STOP
SLXUSDT,LONG,2026-06-12T04:00:00+00:00,2026-06-12T04:09:59.999000+00:00,1,37.73,92.58,0.6513,73.3707,0.18476,0.1862039318,0.1831410085,0.187997983,0.876267,0.73963,0.830927,0.091296,1.908596,-0.271774,True,LOCKED_STOP
SKHYNIXUSDT,SHORT,2026-06-12T06:00:00+00:00,2026-06-12T06:04:59.999000+00:00,1,43.65,100.0,0.675,78.5475,1438.15,1450.1347678962,1450.1347678962,1414.1804642076,0.833346,-1.217057,-1.121059,0.095999,0.133503,-1.489391,False,SL
BLESSUSDT,SHORT,2026-06-12T06:30:00+00:00,2026-06-12T06:34:59.999000+00:00,1,25.93,100.0,0.725,77.8895,0.00538,0.0053007616,0.0054196192,0.0053007616,0.736416,1.257006,1.36564,0.108634,4.41705,0.0,True,TP
BLESSUSDT,SHORT,2026-06-12T06:40:00+00:00,2026-06-12T06:44:59.999000+00:00,1,50.16,93.73,0.6549,75.8999,0.005255,0.0053023338,0.0053023338,0.0051603323,0.900739,-1.200892,-1.112076,0.088816,0.169012,-2.492931,False,SL
HEIUSDT,LONG,2026-06-12T07:00:00+00:00,2026-06-12T07:19:59.999000+00:00,1,22.64,91.85,0.6489,70.6853,0.08626,0.0855224233,0.0855224233,0.0877351534,0.855062,-1.209453,-1.115893,0.09356,0.705011,-1.288002,False,SL
SYNUSDT,SHORT,2026-06-12T07:30:00+00:00,2026-06-12T07:49:59.999000+00:00,1,30.23,100.0,0.725,78.5345,0.03129,0.0315780687,0.0315780687,0.0307138626,0.920641,-1.196571,-1.109675,0.086896,0.798421,-1.180274,False,SL
SPCXUSDT,LONG,2026-06-12T09:10:00+00:00,2026-06-12T09:44:59.999000+00:00,2,20.5,100.0,0.725,77.075,174.63,176.3930130261,173.0534374424,177.7831251152,0.902802,0.858749,0.947362,0.088613,2.137562,-0.742121,True,AMBIGUOUS_STOP_FIRST
SYNUSDT,SHORT,2026-06-12T11:05:00+00:00,2026-06-12T11:39:59.999000+00:00,1,34.1,100.0,0.725,79.115,0.03177,0.0319939956,0.0319939956,0.0313220087,0.705054,-1.256371,-1.142905,0.113466,0.089287,-1.339312,False,SL
SOXLUSDT,SHORT,2026-06-12T12:55:00+00:00,2026-06-12T13:09:59.999000+00:00,1,36.02,100.0,0.675,77.403,216.9,216.4330042678,218.8342281637,213.0315436725,0.89176,0.419436,0.509146,0.08971,1.230465,-1.266655,True,LOCKED_STOP
SNDKUSDT,LONG,2026-06-12T15:20:00+00:00,2026-06-12T15:44:59.999000+00:00,1,18.12,100.0,0.725,76.718,1986.66,1971.8014689335,1971.8014689335,2016.377062133,0.747915,-1.239603,-1.132639,0.106964,0.401116,-1.206714,False,SL
ZECUSDT,SHORT,2026-06-12T15:45:00+00:00,2026-06-12T16:04:59.999000+00:00,1,28.59,100.0,0.725,78.2885,419.26,412.6080051668,422.5859974166,412.6080051668,0.793302,1.274538,1.375382,0.100844,2.224896,-0.460012,True,TP
SKHYNIXUSDT,SHORT,2026-06-12T16:30:00+00:00,2026-06-12T17:04:59.999000+00:00,1,14.09,96.48,0.7137,74.0789,1473.84,1485.2495560111,1485.2495560111,1451.0208879778,0.774138,-1.233582,-1.130241,0.103341,0.149874,-1.027209,False,SL
BEATUSDT,LONG,2026-06-12T17:05:00+00:00,2026-06-12T17:14:59.999000+00:00,1,56.89,100.0,0.675,80.5335,11.0333,10.7574675,10.7574675,11.584965,2.5,-1.070981,-1.038981,0.032,0.42272,-1.124596,False,SL
HEIUSDT,SHORT,2026-06-12T20:10:00+00:00,2026-06-12T20:29:59.999000+00:00,1,21.96,89.15,0.6903,71.0227,0.09227,0.0929637483,0.0929637483,0.0908825033,0.751868,-1.240471,-1.134069,0.106402,0.072072,-1.16757,False,SL
BEATUSDT,SHORT,2026-06-13T00:15:00+00:00,2026-06-13T00:34:59.999000+00:00,1,51.56,94.19,0.6564,76.3758,6.5778,6.742245,6.742245,6.24891,2.5,-1.073021,-1.041021,0.032,0.898173,-1.16878,False,SL
HEIUSDT,LONG,2026-06-13T02:05:00+00:00,2026-06-13T02:24:59.999000+00:00,1,32.34,98.54,0.6703,76.0071,0.09991,0.1002558088,0.0986852991,0.1023594019,1.225804,0.493738,0.559002,0.065263,1.298276,-1.10231,True,LOCKED_STOP
HEIUSDT,SHORT,2026-06-13T03:30:00+00:00,2026-06-13T03:34:59.999000+00:00,1,24.03,100.0,0.725,77.6045,0.09661,0.0944849669,0.0976725166,0.0944849669,1.0998,1.337789,1.41053,0.072741,4.451695,-0.263525,True,TP
BEATUSDT,LONG,2026-06-13T08:15:00+00:00,2026-06-13T08:24:59.999000+00:00,1,35.02,98.65,0.6707,76.4727,9.1221,8.9840870353,8.9840870353,9.3981259294,1.512952,-1.11794,-1.065063,0.052877,0.248527,-1.028889,False,SL
HEIUSDT,LONG,2026-06-13T10:15:00+00:00,2026-06-13T10:19:59.999000+00:00,1,44.86,100.0,0.675,78.729,0.09582,0.0947226475,0.0947226475,0.098014705,1.145223,-1.156132,-1.086276,0.069855,1.503619,-1.868133,False,SL
HEIUSDT,SHORT,2026-06-13T10:25:00+00:00,2026-06-13T10:54:59.999000+00:00,1,42.37,100.0,0.675,78.3555,0.09257,0.0917298474,0.0939525556,0.0898048889,1.493524,0.684091,0.737655,0.053565,1.584023,-2.386884,True,LOCKED_STOP
SLXUSDT,LONG,2026-06-13T16:40:00+00:00,2026-06-13T16:59:59.999000+00:00,1,38.53,100.0,0.675,77.7795,0.18661,0.1868917274,0.1852013629,0.1894272742,0.754856,0.36101,0.466991,0.10598,1.199741,-0.546628,True,LOCKED_STOP
BLESSUSDT,LONG,2026-06-13T18:25:00+00:00,2026-06-13T18:34:59.999000+00:00,1,28.97,97.81,0.668,75.0797,0.005612,0.0055653664,0.0055653664,0.0057052672,0.830962,-1.215557,-1.119283,0.096274,0.128663,-1.393845,False,SL
SYNUSDT,LONG,2026-06-13T18:45:00+00:00,2026-06-13T18:49:59.999000+00:00,1,46.9,100.0,0.675,79.035,0.04101,0.0401008945,0.0401008945,0.0428282111,2.21679,-1.080176,-1.044088,0.036088,1.682973,-1.033983,False,SL
SYNUSDT,LONG,2026-06-13T18:50:00+00:00,2026-06-13T18:54:59.999000+00:00,1,50.46,95.1,0.6593,76.7368,0.04166,0.0406572037,0.0406572037,0.0436655925,2.407096,-1.073759,-1.040524,0.033235,0.368968,-1.047072,False,SL
SYNUSDT,SHORT,2026-06-13T19:50:00+00:00,2026-06-13T20:54:59.999000+00:00,1,31.5,100.0,0.725,78.725,0.03695,0.03787375,0.03787375,0.0351025,2.5,-1.073021,-1.041021,0.032,0.692828,-1.201624,False,SL
BEATUSDT,LONG,2026-06-13T23:40:00+00:00,2026-06-13T23:49:59.999000+00:00,1,50.02,100.0,0.675,79.503,7.7331,7.7582543433,7.6073282836,7.9846434329,1.626407,0.488758,0.537946,0.049188,1.212514,-0.051681,True,LOCKED_STOP
SYNUSDT,LONG,2026-06-14T02:30:00+00:00,2026-06-14T02:34:59.999000+00:00,1,42.09,100.0,0.675,78.3135,0.04201,0.0414953756,0.0414953756,0.0430392487,1.225004,-1.145898,-1.080592,0.065306,0.369201,-1.243626,False,SL
SYNUSDT,LONG,2026-06-14T02:55:00+00:00,2026-06-14T03:14:59.999000+00:00,1,43.95,100.0,0.675,78.5925,0.04252,0.0428108077,0.0418463344,0.0438673313,1.58435,0.601545,0.652038,0.050494,1.454728,-0.460169,True,LOCKED_STOP
SLXUSDT,LONG,2026-06-14T04:25:00+00:00,2026-06-14T04:34:59.999000+00:00,1,46.0,100.0,0.675,78.9,0.19277,0.1945074646,0.1912532719,0.1958034562,0.786807,0.842986,0.944663,0.101677,2.16255,-0.448333,True,AMBIGUOUS_STOP_FIRST
SYNUSDT,SHORT,2026-06-14T08:20:00+00:00,2026-06-14T08:39:59.999000+00:00,1,34.34,82.81,0.67,69.2152,0.03927,0.0389060809,0.0399749293,0.0378601414,1.795084,0.658581,0.703147,0.044566,1.489511,-0.269531,True,LOCKED_STOP
BEATUSDT,SHORT,2026-06-14T09:05:00+00:00,2026-06-14T09:24:59.999000+00:00,1,38.13,99.29,0.6727,77.3091,6.4983,6.2549513778,6.6383391374,6.2182217253,2.155012,1.286679,1.323802,0.037123,2.679965,-0.572697,True,AMBIGUOUS_STOP_FIRST
SLXUSDT,LONG,2026-06-14T14:00:00+00:00,2026-06-14T14:09:59.999000+00:00,1,42.89,98.92,0.6715,77.8093,0.20852,0.2062300193,0.2062300193,0.2130999613,1.098207,-1.162859,-1.090013,0.072846,0.716163,-1.135381,False,SL
HEIUSDT,LONG,2026-06-14T16:05:00+00:00,2026-06-14T16:09:59.999000+00:00,1,24.96,87.54,0.6851,70.5421,0.08846,0.0874572398,0.0874572398,0.0904655203,1.133575,-1.157746,-1.087173,0.070573,0.15956,-1.176752,False,SL
HEIUSDT,SHORT,2026-06-14T16:35:00+00:00,2026-06-14T17:29:59.999000+00:00,1,21.07,100.0,0.725,77.1605,0.08635,0.0855329216,0.0871785621,0.0846928758,0.959539,0.806421,0.889795,0.083373,1.967264,-0.410349,True,LOCKED_STOP
SYNUSDT,SHORT,2026-06-14T18:25:00+00:00,2026-06-14T18:39:59.999000+00:00,1,37.16,96.94,0.6652,75.8053,0.03888,0.0388107619,0.0392261907,0.0381876185,0.890408,0.39839,0.488236,0.089846,1.155432,-0.288858,True,LOCKED_STOP
SYNUSDT,LONG,2026-06-15T07:15:00+00:00,2026-06-15T07:39:59.999000+00:00,1,22.34,100.0,0.725,77.351,0.03813,0.0386017234,0.0378181838,0.0387536324,0.817771,1.035108,1.132934,0.097827,2.533544,-0.256561,True,AMBIGUOUS_STOP_FIRST
SYNUSDT,LONG,2026-06-15T09:25:00+00:00,2026-06-15T09:39:59.999000+00:00,1,32.18,93.94,0.6556,73.3243,0.04068,0.0411212304,0.0401539043,0.0417321914,1.293254,0.77928,0.84114,0.061859,1.862779,-0.09504,True,LOCKED_STOP
HEIUSDT,SHORT,2026-06-15T10:35:00+00:00,2026-06-15T13:04:59.999000+00:00,1,28.2,100.0,0.725,78.23,0.07477,0.071694316,0.076307842,0.071694316,2.056763,1.41396,1.452856,0.038896,2.191382,-0.858346,True,TP
HEIUSDT,LONG,2026-06-15T13:40:00+00:00,2026-06-15T13:49:59.999000+00:00,1,22.05,100.0,0.725,77.3075,0.07327,0.0725781466,0.0725781466,0.0746537069,0.944252,-1.189575,-1.104852,0.084723,0.0,-1.488755,False,SL
QNTXUSDT,SHORT,2026-06-15T14:40:00+00:00,2026-06-15T14:54:59.999000+00:00,1,26.25,85.54,0.6287,67.5796,55.98,56.6702511096,56.6702511096,54.5994977808,1.233032,-1.147023,-1.082142,0.064881,0.086925,-1.506698,False,SL
HEIUSDT,SHORT,2026-06-15T15:00:00+00:00,2026-06-15T15:09:59.999000+00:00,1,23.3,86.0,0.6302,67.403,0.07185,0.0716288498,0.0724863783,0.0705772434,0.885704,0.471146,0.56147,0.090324,1.335684,-0.125711,True,LOCKED_STOP
HEIUSDT,SHORT,2026-06-15T15:15:00+00:00,2026-06-15T15:24:59.999000+00:00,1,36.16,92.79,0.7019,75.2566,0.07111,0.0697938916,0.0717680542,0.0697938916,0.925403,1.306937,1.393386,0.086449,3.495153,-0.531871,True,TP
ZECUSDT,LONG,2026-06-15T16:20:00+00:00,2026-06-15T16:54:59.999000+00:00,1,16.49,96.81,0.7148,74.6297,535.75,531.5672421049,531.5672421049,544.1155157902,0.780729,-1.22949,-1.127022,0.102468,0.145837,-1.286233,False,SL
QNTXUSDT,LONG,2026-06-15T17:15:00+00:00,2026-06-15T17:29:59.999000+00:00,1,50.08,100.0,0.675,79.512,60.43,60.5285587379,59.9372063106,61.4155873787,0.815479,0.378732,0.476834,0.098102,1.034916,-0.649359,True,LOCKED_STOP
SLXUSDT,LONG,2026-06-16T03:15:00+00:00,2026-06-16T03:19:59.999000+00:00,1,28.83,98.65,0.6707,75.5442,0.1772,0.175896877,0.175896877,0.1798062461,0.735397,-1.243698,-1.134914,0.108785,0.015348,-1.849403,False,SL
SLXUSDT,LONG,2026-06-16T03:25:00+00:00,2026-06-16T04:34:59.999000+00:00,1,22.1,88.83,0.6393,68.8587,0.17619,0.1748077378,0.1748077378,0.1789545245,0.784529,-1.228374,-1.126402,0.101972,0.889846,-1.620532,False,SL
HEIUSDT,SHORT,2026-06-16T05:45:00+00:00,2026-06-16T05:54:59.999000+00:00,1,23.92,87.69,0.6856,70.4728,0.06969,0.0701840572,0.0701840572,0.0687018856,0.708936,-1.254973,-1.142128,0.112845,0.647698,-1.457321,False,SL
BLESSUSDT,LONG,2026-06-16T09:35:00+00:00,2026-06-16T09:49:59.999000+00:00,1,24.05,100.0,0.725,77.6075,0.006074,0.0059915339,0.0059915339,0.0062389323,1.357691,-1.131542,-1.072618,0.058924,0.218271,-1.054978,False,SL
BLESSUSDT,SHORT,2026-06-16T10:55:00+00:00,2026-06-16T11:24:59.999000+00:00,1,26.54,100.0,0.725,77.981,0.00601,0.0059465502,0.0060780216,0.0058739568,1.131807,0.808279,0.878963,0.070683,1.911158,-0.72036,True,LOCKED_STOP
SPCXUSDT,SHORT,2026-06-16T12:10:00+00:00,2026-06-16T13:14:59.999000+00:00,1,24.52,100.0,0.725,77.678,201.87,198.6060636885,204.2206911002,197.1686177996,1.164458,1.040824,1.109525,0.068701,2.361008,-0.587061,True,AMBIGUOUS_STOP_FIRST
SPCXUSDT,LONG,2026-06-16T13:45:00+00:00,2026-06-16T13:54:59.999000+00:00,1,52.88,95.83,0.6617,77.5217,212.03,216.1282334834,208.8681373996,218.3537252007,1.491234,1.026253,1.0799,0.053647,2.330905,-0.727419,True,AMBIGUOUS_STOP_FIRST
HYPEUSDT,SHORT,2026-06-16T15:00:00+00:00,2026-06-16T15:39:59.999000+00:00,1,22.76,88.25,0.6374,68.6225,73.459,74.1869558622,74.1869558622,72.0030882756,0.990969,-1.182691,-1.101962,0.080729,0.12226,-1.630593,False,SL
BLESSUSDT,LONG,2026-06-16T18:40:00+00:00,2026-06-16T18:59:59.999000+00:00,1,32.03,87.77,0.6359,69.7356,0.006623,0.0067174232,0.0065339248,0.0068011504,1.344937,0.895192,0.954675,0.059482,2.088124,-0.628682,True,AMBIGUOUS_STOP_FIRST
SPCXUSDT,SHORT,2026-06-16T19:00:00+00:00,2026-06-16T19:09:59.999000+00:00,1,19.06,99.02,0.7219,76.2926,208.62,206.8454517867,210.1085702198,205.6428595604,0.713532,0.844818,0.956937,0.112118,2.176585,-0.530711,True,AMBIGUOUS_STOP_FIRST
BLESSUSDT,LONG,2026-06-16T21:25:00+00:00,2026-06-16T21:34:59.999000+00:00,1,23.39,94.15,0.7063,74.1272,0.007167,0.0070630905,0.0070630905,0.007374819,1.449833,-1.123118,-1.06794,0.055179,0.086614,-2.25196,False,SL
BLESSUSDT,LONG,2026-06-16T23:20:00+00:00,2026-06-16T23:29:59.999000+00:00,1,34.98,88.73,0.6389,70.7329,0.007594,0.0074943356,0.0074943356,0.0077933289,1.31241,-1.136115,-1.075158,0.060957,0.441482,-1.294343,False,SL
BLESSUSDT,LONG,2026-06-17T00:10:00+00:00,2026-06-17T00:14:59.999000+00:00,1,31.21,86.94,0.6332,69.1328,0.007776,0.0076559959,0.0076559959,0.0080160081,1.543262,-1.115604,-1.063766,0.051838,0.083331,-1.349954,False,SL
BLESSUSDT,SHORT,2026-06-17T04:20:00+00:00,2026-06-17T04:29:59.999000+00:00,1,34.4,93.6,0.6545,73.4608,0.008253,0.0081555506,0.0084113671,0.0079362658,1.918903,0.714648,0.756338,0.04169,1.584925,-0.429382,True,LOCKED_STOP
BLESSUSDT,SHORT,2026-06-17T04:55:00+00:00,2026-06-17T05:19:59.999000+00:00,1,23.23,93.08,0.6529,71.4847,0.008239,0.0082004634,0.0084316829,0.0078536342,2.338668,0.523612,0.55782,0.034208,1.136582,-0.524177,True,LOCKED_STOP
BLESSUSDT,SHORT,2026-06-17T06:20:00+00:00,2026-06-17T06:24:59.999000+00:00,1,59.14,75.98,0.5981,66.9874,0.007414,0.0075774325,0.0075774325,0.007087135,2.204377,-1.082679,-1.046387,0.036291,0.293699,-1.327765,False,SL
SYNUSDT,SHORT,2026-06-17T07:05:00+00:00,2026-06-17T07:14:59.999000+00:00,1,20.32,100.0,0.725,77.048,0.05095,0.0513146472,0.0513146472,0.0502207057,0.715696,-1.252574,-1.140795,0.111779,0.054848,-1.864816,False,SL
SYNUSDT,LONG,2026-06-17T10:40:00+00:00,2026-06-17T10:49:59.999000+00:00,1,20.04,99.67,0.7239,76.8153,0.05226,0.0531209745,0.0518295128,0.0531209745,0.823741,1.280046,1.377164,0.097118,2.137113,-0.255524,True,TP
SYNUSDT,LONG,2026-06-17T11:00:00+00:00,2026-06-17T11:14:59.999000+00:00,1,30.57,100.0,0.725,78.5855,0.05268,0.0535686331,0.0522356835,0.0535686331,0.843425,1.285145,1.379996,0.094851,2.453206,-0.720207,True,TP
SYNUSDT,LONG,2026-06-17T11:15:00+00:00,2026-06-17T11:29:59.999000+00:00,1,27.77,97.54,0.6671,74.7436,0.05357,0.0530872879,0.0530872879,0.0545354243,0.901087,-1.198704,-1.109922,0.088782,2.133777,-1.118679,False,AMBIGUOUS_STOP_FIRST
SYNUSDT,LONG,2026-06-17T13:25:00+00:00,2026-06-17T13:39:59.999000+00:00,1,21.69,88.69,0.6388,68.7163,0.05428,0.0551997051,0.0538201475,0.0551997051,0.847186,1.286092,1.380522,0.09443,2.000641,-0.065238,True,TP
SPCXUSDT,SHORT,2026-06-17T14:35:00+00:00,2026-06-17T14:54:59.999000+00:00,1,25.55,87.73,0.6357,68.7404,195.86,194.1686660118,199.391154643,188.7976907139,1.802897,0.64036,0.684733,0.044373,1.452783,-0.235051,True,LOCKED_STOP
MUUSDT,LONG,2026-06-17T15:15:00+00:00,2026-06-17T15:44:59.999000+00:00,1,17.16,94.67,0.7079,73.4933,1040.93,1045.4792713557,1032.8971231597,1056.9957536805,0.771702,0.549197,0.652864,0.103667,1.578513,-0.196692,True,LOCKED_STOP
SOXLUSDT,LONG,2026-06-17T16:00:00+00:00,2026-06-17T17:04:59.999000+00:00,1,19.48,100.0,0.725,76.922,248.93,246.4859360863,246.4859360863,253.8181278274,0.981828,-1.182281,-1.1008,0.081481,0.495077,-1.116992,False,SL
HYPEUSDT,SHORT,2026-06-17T17:15:00+00:00,2026-06-17T17:49:59.999000+00:00,1,16.66,99.31,0.7228,76.1002,75.079,74.3960514309,75.6853813737,73.8662372526,0.807658,0.84127,0.940321,0.099052,2.109234,-0.568949,True,AMBIGUOUS_STOP_FIRST
MUUSDT,SHORT,2026-06-17T18:15:00+00:00,2026-06-17T18:19:59.999000+00:00,1,37.07,98.79,0.7211,78.8611,1057.96,1065.4149914533,1065.4149914533,1043.0500170935,0.704657,-1.256515,-1.142984,0.11353,0.0,-1.187124,False,SL
HEIUSDT,SHORT,2026-06-17T18:20:00+00:00,2026-06-17T18:34:59.999000+00:00,1,22.07,98.21,0.7193,76.2759,0.07251,0.0723318272,0.073400864,0.0707282721,1.228608,0.454052,0.519167,0.065114,1.032705,-0.011225,True,LOCKED_STOP
QNTXUSDT,LONG,2026-06-17T18:40:00+00:00,2026-06-17T18:59:59.999000+00:00,2,24.24,100.0,0.725,77.636,62.69,62.7867745027,62.2061274863,63.6577450275,0.77185,0.366259,0.469906,0.103647,1.074663,-1.673995,True,LOCKED_STOP
SKHYNIXUSDT,LONG,2026-06-17T19:05:00+00:00,2026-06-17T19:19:59.999000+00:00,1,33.19,78.77,0.6571,66.7076,1720.06,1705.1223930537,1705.1223930537,1749.9352138926,0.868435,-1.206212,-1.114093,0.09212,0.230291,-1.474132,False,SL
SPCXUSDT,SHORT,2026-06-17T19:55:00+00:00,2026-06-17T20:04:59.999000+00:00,1,25.49,87.85,0.6361,68.8008,192.23,191.8886280192,193.9368599038,188.8162801924,0.887926,0.397824,0.487922,0.090098,1.060427,-0.972546,True,LOCKED_STOP
HEIUSDT,SHORT,2026-06-17T20:30:00+00:00,2026-06-17T21:44:59.999000+00:00,1,23.56,95.21,0.7097,74.7654,0.07416,0.0739363615,0.0752781924,0.0719236151,1.507811,0.481189,0.534246,0.053057,1.037389,-0.473979,True,LOCKED_STOP
BEATUSDT,LONG,2026-06-17T22:05:00+00:00,2026-06-17T22:09:59.999000+00:00,1,39.06,100.0,0.675,77.859,1.698,1.6738823344,1.6738823344,1.7462353311,1.420357,-1.125694,-1.06937,0.056324,0.24878,-1.202438,False,SL
BEATUSDT,LONG,2026-06-17T22:20:00+00:00,2026-06-17T22:24:59.999000+00:00,1,38.69,100.0,0.675,77.8035,1.707,1.7631939516,1.6789030242,1.7631939516,1.645986,1.389174,1.437777,0.048603,2.206643,-0.177955,True,TP
SLXUSDT,SHORT,2026-06-17T22:40:00+00:00,2026-06-17T22:44:59.999000+00:00,1,45.88,100.0,0.675,78.882,0.16299,0.1606659312,0.1641520344,0.1606659312,0.712948,1.248958,1.361168,0.11221,16.651831,-0.404463,True,TP
SYNUSDT,SHORT,2026-06-17T22:45:00+00:00,2026-06-17T22:59:59.999000+00:00,1,32.63,100.0,0.725,78.8945,0.08162,0.0812119,0.0836605,0.077539,2.5,0.52858,0.56058,0.032,1.127175,-0.637099,True,LOCKED_STOP
HEIUSDT,LONG,2026-06-17T23:50:00+00:00,2026-06-18T00:04:59.999000+00:00,1,34.18,100.0,0.675,77.127,0.07789,0.0781437539,0.0772413324,0.0791873352,0.8328,0.478823,0.574884,0.096062,1.402876,-0.508735,True,LOCKED_STOP
SYNUSDT,LONG,2026-06-18T05:20:00+00:00,2026-06-18T05:24:59.999000+00:00,1,43.61,85.79,0.6295,70.3281,0.09111,0.08883225,0.08883225,0.0956655,2.5,-1.070981,-1.038981,0.032,0.079025,-1.317089,False,SL
HEIUSDT,LONG,2026-06-18T05:30:00+00:00,2026-06-18T05:49:59.999000+00:00,1,40.4,100.0,0.675,78.06,0.08324,0.0852542373,0.0822328814,0.0852542373,1.209897,1.349769,1.41589,0.066121,2.17452,-0.953214,True,TP
HEIUSDT,LONG,2026-06-18T07:35:00+00:00,2026-06-18T07:39:59.999000+00:00,1,33.42,99.96,0.6749,76.9899,0.08547,0.0845492042,0.0845492042,0.0873115917,1.077332,-1.166033,-1.091776,0.074258,0.0,-2.324077,False,SL
SYNUSDT,SHORT,2026-06-18T07:40:00+00:00,2026-06-18T07:49:59.999000+00:00,1,23.57,99.19,0.7224,77.0673,0.09146,0.0936498748,0.0936498748,0.0870802505,2.394352,-1.076198,-1.042786,0.033412,0.525144,-1.922484,False,SL
BLESSUSDT,LONG,2026-06-18T07:50:00+00:00,2026-06-18T08:09:59.999000+00:00,1,42.46,100.0,0.675,78.369,0.007009,0.0069477738,0.0069477738,0.0071314525,0.873538,-1.205002,-1.11342,0.091582,0.68598,-1.404626,False,SL
HEIUSDT,LONG,2026-06-18T09:25:00+00:00,2026-06-18T09:34:59.999000+00:00,1,39.99,100.0,0.675,77.9985,0.08801,0.0868156048,0.0868156048,0.0903987903,1.357113,-1.131598,-1.07265,0.058949,0.65305,-1.180514,False,SL
BLESSUSDT,SHORT,2026-06-18T09:50:00+00:00,2026-06-18T10:14:59.999000+00:00,1,21.78,89.08,0.6401,68.9552,0.006628,0.0064789792,0.0066972355,0.0064895289,1.044592,1.4054,1.481985,0.076585,3.119785,-0.086661,True,AMBIGUOUS_STOP_FIRST
BEATUSDT,SHORT,2026-06-18T11:40:00+00:00,2026-06-18T11:49:59.999000+00:00,1,19.16,93.33,0.7037,73.0187,1.526,1.5161350485,1.5444740213,1.4890519573,1.210617,0.619037,0.685119,0.066082,1.515642,-0.21652,True,LOCKED_STOP
BLESSUSDT,LONG,2026-06-18T13:10:00+00:00,2026-06-18T13:19:59.999000+00:00,1,57.28,85.79,0.6295,72.3786,0.006761,0.0068271728,0.0066906096,0.0069017808,1.041124,0.79623,0.87307,0.07684,1.960494,-0.056826,True,LOCKED_STOP
HEIUSDT,LONG,2026-06-18T13:55:00+00:00,2026-06-18T14:04:59.999000+00:00,1,46.36,100.0,0.675,78.954,0.09429,0.0924324134,0.0924324134,0.0980051732,1.970078,-1.090342,-1.049735,0.040608,0.425283,-2.002598,False,SL
SPCXUSDT,SHORT,2026-06-18T15:10:00+00:00,2026-06-18T15:34:59.999000+00:00,1,15.71,100.0,0.725,76.3565,179.34,175.9711891668,181.0244054166,175.9711891668,0.939225,1.3098,1.394977,0.085177,2.220368,-0.938016,True,TP
SPCXUSDT,LONG,2026-06-18T17:55:00+00:00,2026-06-18T18:04:59.999000+00:00,1,20.24,86.44,0.6316,67.1983,180.16,178.7557728731,178.7557728731,182.9684542538,0.779433,-1.229873,-1.127235,0.102639,0.719257,-1.053961,False,SL
SPCXUSDT,LONG,2026-06-18T19:45:00+00:00,2026-06-18T19:49:59.999000+00:00,1,51.72,100.0,0.675,79.758,188.46,187.1262110114,187.1262110114,191.1275779772,0.707731,-1.253264,-1.140227,0.113037,0.254913,-2.361693,False,SL
HEIUSDT,LONG,2026-06-18T19:50:00+00:00,2026-06-18T19:54:59.999000+00:00,1,34.07,100.0,0.725,79.1105,0.09187,0.0908080025,0.0908080025,0.093993995,1.155979,-1.154669,-1.085464,0.069205,0.103578,-1.224108,False,SL
SYNUSDT,LONG,2026-06-18T20:30:00+00:00,2026-06-18T20:39:59.999000+00:00,1,54.68,77.25,0.6022,67.0525,0.14451,0.14523255,0.14089725,0.1517355,2.5,0.52742,0.55942,0.032,1.190229,-1.619265,True,LOCKED_STOP
BLESSUSDT,LONG,2026-06-18T21:00:00+00:00,2026-06-18T21:24:59.999000+00:00,1,27.85,93.33,0.6537,72.3222,0.006648,0.0067780432,0.0065829784,0.0067780432,0.978063,1.314515,1.396309,0.081794,2.291546,-0.01538,True,TP
SYNUSDT,SHORT,2026-06-19T00:30:00+00:00,2026-06-19T00:34:59.999000+00:00,1,47.5,80.21,0.6117,67.6864,0.13021,0.1330653044,0.1330653044,0.1244993912,2.192846,-1.083108,-1.046626,0.036482,0.686442,-1.358874,False,SL
BEATUSDT,LONG,2026-06-19T02:35:00+00:00,2026-06-19T02:44:59.999000+00:00,1,25.02,100.0,0.725,77.753,1.673,1.7195130044,1.6497434978,1.7195130044,1.390108,1.36905,1.4266,0.057549,2.579924,-0.68798,True,TP
BEATUSDT,LONG,2026-06-19T02:45:00+00:00,2026-06-19T02:49:59.999000+00:00,1,41.21,100.0,0.675,78.1815,1.726,1.77589605,1.701051975,1.77589605,1.445424,1.374004,1.429351,0.055347,2.1645,-0.400833,True,TP
HEIUSDT,LONG,2026-06-19T02:50:00+00:00,2026-06-19T02:59:59.999000+00:00,1,39.51,100.0,0.675,77.9265,0.09532,0.094303517,0.094303517,0.097352966,1.06639,-1.167747,-1.092728,0.075019,0.334487,-1.534703,False,SL
SPCXUSDT,SHORT,2026-06-19T04:05:00+00:00,2026-06-19T05:14:59.999000+00:00,1,34.47,90.08,0.6433,71.4367,179.17,178.5774032731,180.5525271962,176.4049456076,0.771629,0.481694,0.58537,0.103677,1.417694,-0.918608,True,LOCKED_STOP
SLXUSDT,LONG,2026-06-19T08:15:00+00:00,2026-06-19T08:24:59.999000+00:00,1,33.99,100.0,0.675,77.0985,0.15708,0.1578907924,0.1555732384,0.1600935231,0.959232,0.580685,0.664085,0.0834,1.553,-0.278744,True,LOCKED_STOP
SLXUSDT,LONG,2026-06-19T08:45:00+00:00,2026-06-19T08:54:59.999000+00:00,1,33.03,100.0,0.675,76.9545,0.16074,0.1591564298,0.1591564298,0.1639071405,0.985175,-1.181658,-1.100455,0.081204,0.669374,-1.364006,False,SL
SLXUSDT,SHORT,2026-06-19T09:25:00+00:00,2026-06-19T10:19:59.999000+00:00,1,23.92,100.0,0.725,77.588,0.15422,0.1523094977,0.1557430761,0.1511738478,0.9876,0.946002,1.027007,0.081004,2.232324,-0.84697,True,AMBIGUOUS_STOP_FIRST
BEATUSDT,LONG,2026-06-19T11:45:00+00:00,2026-06-19T11:54:59.999000+00:00,1,38.92,100.0,0.675,77.838,1.917,1.9824675,1.869075,2.01285,2.5,1.109858,1.141858,0.032,2.426708,-0.062598,True,AMBIGUOUS_STOP_FIRST
BEATUSDT,LONG,2026-06-19T12:00:00+00:00,2026-06-19T12:09:59.999000+00:00,1,45.25,83.19,0.6212,69.0713,2.011,2.0436,1.960725,2.11155,2.5,0.751413,0.783413,0.032,1.690701,0.0,True,LOCKED_STOP
BEATUSDT,SHORT,2026-06-19T12:25:00+00:00,2026-06-19T12:29:59.999000+00:00,1,40.39,96.58,0.6641,76.0817,1.858,1.90445,1.90445,1.7651,2.5,-1.073021,-1.041021,0.032,0.279871,-1.851453,False,SL
HEIUSDT,LONG,2026-06-19T13:15:00+00:00,2026-06-19T13:29:59.999000+00:00,1,56.7,81.79,0.6667,71.9796,0.15145,0.14766375,0.14766375,0.1590225,2.5,-1.070981,-1.038981,0.032,0.855728,-2.033674,False,SL
ZECUSDT,LONG,2026-06-19T13:30:00+00:00,2026-06-19T13:39:59.999000+00:00,1,19.01,100.0,0.725,76.8515,448.49,451.7234976341,445.2799495669,454.9101008663,0.715746,0.751233,0.863005,0.111771,2.021775,-0.037383,True,AMBIGUOUS_STOP_FIRST
SLXUSDT,LONG,2026-06-19T13:45:00+00:00,2026-06-19T14:19:59.999000+00:00,1,22.46,85.52,0.6287,66.9996,0.15592,0.1583007692,0.1545829269,0.1585941462,0.857538,1.179057,1.272347,0.09329,2.804634,-0.658154,True,AMBIGUOUS_STOP_FIRST
BEATUSDT,LONG,2026-06-19T16:30:00+00:00,2026-06-19T16:34:59.999000+00:00,1,43.59,96.04,0.6623,76.2496,2.047,2.0138945929,2.0138945929,2.1132108142,1.617265,-1.110269,-1.060802,0.049466,0.422892,-2.174871,False,SL
BEATUSDT,SHORT,2026-06-19T17:10:00+00:00,2026-06-19T17:14:59.999000+00:00,1,44.25,87.77,0.6359,71.5686,1.864,1.7740356539,1.908982173,1.7740356539,2.413207,1.42689,1.460041,0.033151,2.111948,-0.155617,True,TP
SYNUSDT,LONG,2026-06-19T18:40:00+00:00,2026-06-19T18:49:59.999000+00:00,1,44.44,100.0,0.675,78.666,0.12779,0.125472736,0.125472736,0.1324245279,1.813337,-1.098237,-1.05412,0.044118,0.138094,-1.527664,False,SL
SYNUSDT,LONG,2026-06-19T21:05:00+00:00,2026-06-19T21:09:59.999000+00:00,1,44.71,94.1,0.6561,75.2963,0.13731,0.1424730163,0.1347284918,0.1424730163,1.880058,1.402786,1.445337,0.042552,2.115043,-0.189812,True,TP
SYNUSDT,LONG,2026-06-19T21:10:00+00:00,2026-06-19T21:29:59.999000+00:00,1,53.69,100.0,0.675,80.0535,0.14131,0.1384779434,0.1384779434,0.1469741131,2.004144,-1.088789,-1.048872,0.039917,0.699139,-1.394746,False,SL
BLESSUSDT,LONG,2026-06-19T22:25:00+00:00,2026-06-19T22:39:59.999000+00:00,1,40.89,100.0,0.675,78.1335,0.007916,0.0078412614,0.0078412614,0.0080654772,0.944146,-1.189596,-1.104863,0.084733,0.428159,-1.230957,False,SL
SLXUSDT,LONG,2026-06-20T03:50:00+00:00,2026-06-20T04:49:59.999000+00:00,1,24.07,93.15,0.6531,71.6512,0.17149,0.1719984213,0.1698883151,0.1746933697,0.933981,0.465386,0.551041,0.085655,1.32985,-0.905297,True,LOCKED_STOP
HEIUSDT,SHORT,2026-06-20T05:20:00+00:00,2026-06-20T05:49:59.999000+00:00,1,26.7,100.0,0.725,78.005,0.10515,0.1042496728,0.1063431616,0.1027636768,1.134723,0.719491,0.789993,0.070502,1.734887,-0.494485,True,LOCKED_STOP
BLESSUSDT,SHORT,2026-06-20T07:20:00+00:00,2026-06-20T07:29:59.999000+00:00,1,52.35,81.06,0.6144,68.9052,0.007613,0.0075754002,0.007800999,0.0072370021,2.469446,0.527689,0.560085,0.032396,1.159581,-0.643621,True,LOCKED_STOP
HEIUSDT,LONG,2026-06-20T14:10:00+00:00,2026-06-20T14:14:59.999000+00:00,1,43.33,100.0,0.675,78.4995,0.1147,0.1194146954,0.1123426523,0.1194146954,2.055229,1.410944,1.449869,0.038925,2.023461,-0.025452,True,TP
SLXUSDT,SHORT,2026-06-20T14:20:00+00:00,2026-06-20T14:29:59.999000+00:00,1,26.89,100.0,0.725,78.0335,0.2073,0.2111805465,0.2111805465,0.199538907,1.871947,-1.097184,-1.054448,0.042736,0.175233,-1.914679,False,SL
BLESSUSDT,LONG,2026-06-20T15:55:00+00:00,2026-06-20T16:04:59.999000+00:00,1,42.4,100.0,0.675,78.36,0.007943,0.0080067295,0.0078622144,0.0081045713,1.017067,0.716611,0.795269,0.078658,1.807252,-0.532273,True,LOCKED_STOP
BLESSUSDT,LONG,2026-06-20T16:05:00+00:00,2026-06-20T16:19:59.999000+00:00,1,48.54,100.0,0.675,79.281,0.008078,0.0080961177,0.0079874116,0.0082591768,1.121421,0.438934,0.510272,0.071338,1.103894,-1.070777,True,LOCKED_STOP
SYNUSDT,SHORT,2026-06-20T16:25:00+00:00,2026-06-20T16:34:59.999000+00:00,1,36.07,100.0,0.725,79.4105,0.15861,0.1618977339,0.1618977339,0.1520345322,2.072841,-1.087862,-1.049268,0.038594,0.082123,-1.66376,False,SL
HEIUSDT,LONG,2026-06-20T19:10:00+00:00,2026-06-20T19:19:59.999000+00:00,1,22.46,100.0,0.725,77.369,0.11111,0.1101624306,0.1101624306,0.1130051387,0.852821,-1.210006,-1.1162,0.093806,0.432686,-1.150312,False,SL
BEATUSDT,SHORT,2026-06-20T21:25:00+00:00,2026-06-20T21:54:59.999000+00:00,1,29.23,100.0,0.725,78.3845,1.806,1.7953321869,1.8256587441,1.7666825118,1.088524,0.606689,0.680183,0.073494,1.526038,-0.101736,True,LOCKED_STOP
SLXUSDT,SHORT,2026-06-21T00:30:00+00:00,2026-06-21T00:49:59.999000+00:00,1,26.4,100.0,0.725,77.96,0.19967,0.2023180542,0.2023180542,0.1943738916,1.326215,-1.136763,-1.076441,0.060322,0.717508,-1.05738,False,SL
BEATUSDT,LONG,2026-06-21T02:55:00+00:00,2026-06-21T03:04:59.999000+00:00,1,24.96,93.19,0.6532,71.8078,1.797,1.7732058797,1.7732058797,1.8445882407,1.324102,-1.134904,-1.074486,0.060418,0.546353,-1.05068,False,SL
SYNUSDT,SHORT,2026-06-21T03:20:00+00:00,2026-06-21T03:49:59.999000+00:00,1,21.6,85.6,0.6789,68.9168,0.13092,0.1330330761,0.1330330761,0.1266938478,1.614021,-1.112554,-1.062989,0.049566,0.435384,-1.244631,False,SL
SLXUSDT,SHORT,2026-06-21T04:05:00+00:00,2026-06-21T04:59:59.999000+00:00,1,31.47,100.0,0.725,78.7205,0.20244,0.1995938626,0.2055227953,0.1962744094,1.522819,0.844344,0.896878,0.052534,1.894385,-0.772027,True,LOCKED_STOP
HEIUSDT,SHORT,2026-06-21T05:40:00+00:00,2026-06-21T06:04:59.999000+00:00,1,22.53,96.52,0.7139,75.3681,0.10229,0.1021433256,0.1030233719,0.1008232562,0.716954,0.349468,0.461051,0.111583,1.186301,0.0,True,LOCKED_STOP
BLESSUSDT,SHORT,2026-06-21T06:20:00+00:00,2026-06-21T06:24:59.999000+00:00,1,25.5,86.25,0.631,67.8775,0.007838,0.0079032066,0.0079032066,0.0077075868,0.831929,-1.217425,-1.121263,0.096162,0.352725,-1.763625,False,SL
BEATUSDT,LONG,2026-06-21T07:45:00+00:00,2026-06-21T08:14:59.999000+00:00,1,22.53,100.0,0.725,77.3795,1.774,1.753704779,1.753704779,1.8145904419,1.144037,-1.156294,-1.086367,0.069928,0.640545,-2.167998,False,SL
BLESSUSDT,LONG,2026-06-21T08:15:00+00:00,2026-06-21T08:19:59.999000+00:00,1,17.7,98.81,0.7212,75.9672,0.007965,0.0079043521,0.0079043521,0.0080862958,0.76143,-1.235332,-1.130267,0.105065,0.131909,-3.215281,False,SL
BEATUSDT,SHORT,2026-06-21T08:25:00+00:00,2026-06-21T09:59:59.999000+00:00,1,34.03,84.06,0.624,67.8912,1.733,1.7155140369,1.7529397559,1.6931204883,1.150592,0.782924,0.852454,0.069529,1.855589,-0.501511,True,LOCKED_STOP
SYNUSDT,LONG,2026-06-21T10:05:00+00:00,2026-06-21T10:19:59.999000+00:00,1,30.2,85.67,0.6291,68.2473,0.13503,0.1380088939,0.1333190795,0.1384518409,1.267067,1.227162,1.2903,0.063138,2.776283,-0.233792,True,AMBIGUOUS_STOP_FIRST
SYNUSDT,LONG,2026-06-21T10:20:00+00:00,2026-06-21T10:24:59.999000+00:00,1,52.25,100.0,0.675,79.8375,0.13911,0.1430696708,0.1371301646,0.1430696708,1.423216,1.372062,1.428272,0.056211,3.323509,-0.277801,True,TP
SYNUSDT,LONG,2026-06-21T10:45:00+00:00,2026-06-21T10:54:59.999000+00:00,1,53.55,100.0,0.675,80.0325,0.15303,0.1551066965,0.1496310771,0.1598278458,2.221083,0.723669,0.759688,0.036018,1.647581,-0.244195,True,LOCKED_STOP
SLXUSDT,SHORT,2026-06-21T12:30:00+00:00,2026-06-21T12:44:59.999000+00:00,1,23.67,100.0,0.725,77.5505,0.19167,0.1938370487,0.1938370487,0.1873359025,1.130614,-1.16025,-1.089492,0.070758,0.401468,-2.108859,False,SL
SYNUSDT,SHORT,2026-06-21T14:10:00+00:00,2026-06-21T14:19:59.999000+00:00,1,34.39,81.21,0.6149,66.2979,0.14235,0.1416094288,0.1446996066,0.1376507868,1.650584,0.54917,0.597638,0.048468,1.293834,-0.034048,True,LOCKED_STOP
SLXUSDT,LONG,2026-06-21T15:15:00+00:00,2026-06-21T15:24:59.999000+00:00,1,23.59,100.0,0.725,77.5385,0.20054,0.1984555087,0.1984555087,0.2047089825,1.039439,-1.172123,-1.095158,0.076965,0.033581,-1.252104,False,SL
SYNUSDT,LONG,2026-06-21T15:25:00+00:00,2026-06-21T15:29:59.999000+00:00,1,46.81,83.9,0.6235,69.7157,0.1504,0.1479112507,0.1479112507,0.1553774987,1.654754,-1.107748,-1.059402,0.048346,0.50226,-1.414365,False,SL
SLXUSDT,LONG,2026-06-21T19:00:00+00:00,2026-06-21T19:04:59.999000+00:00,1,23.33,100.0,0.725,77.4995,0.21276,0.2108427832,0.2108427832,0.2165944335,0.901117,-1.198697,-1.109918,0.088779,0.271227,-1.794268,False,SL
SLXUSDT,SHORT,2026-06-21T19:15:00+00:00,2026-06-21T19:29:59.999000+00:00,1,30.05,89.21,0.6405,70.2709,0.20768,0.2097363742,0.2097363742,0.2035672516,0.990165,-1.182839,-1.102044,0.080795,0.350131,-2.057019,False,SL
SLXUSDT,SHORT,2026-06-21T23:15:00+00:00,2026-06-21T23:19:59.999000+00:00,1,21.66,100.0,0.725,77.249,0.20779,0.2093578904,0.2093578904,0.2046542191,0.754555,-1.239618,-1.133595,0.106023,0.0,-1.243709,False,SL
SYNUSDT,SHORT,2026-06-21T23:45:00+00:00,2026-06-21T23:49:59.999000+00:00,1,26.1,100.0,0.725,77.915,0.17022,0.1736388869,0.1736388869,0.1633822263,2.008511,-1.090644,-1.050814,0.039831,0.152096,-1.0442,False,SL
BLESSUSDT,SHORT,2026-06-22T00:25:00+00:00,2026-06-22T00:39:59.999000+00:00,1,30.95,100.0,0.725,78.6425,0.008371,0.0083271752,0.0084616149,0.0081897702,1.082486,0.576231,0.650135,0.073904,1.46775,-0.430393,True,LOCKED_STOP
BEATUSDT,SHORT,2026-06-22T01:20:00+00:00,2026-06-22T01:24:59.999000+00:00,1,24.88,100.0,0.725,77.732,1.781,1.7965519676,1.7965519676,1.7498960648,0.873215,-1.207192,-1.115577,0.091615,0.064301,-1.671814,False,SL
BEATUSDT,SHORT,2026-06-22T01:55:00+00:00,2026-06-22T02:14:59.999000+00:00,1,18.86,100.0,0.725,76.829,1.774,1.7669688882,1.7891568537,1.7436862926,0.854389,0.521942,0.615576,0.093634,1.451489,-0.263907,True,LOCKED_STOP
BEATUSDT,LONG,2026-06-22T03:20:00+00:00,2026-06-22T03:24:59.999000+00:00,1,25.19,100.0,0.725,77.7785,1.764,1.7516451009,1.7516451009,1.7887097983,0.700391,-1.255928,-1.141707,0.114222,0.242819,-1.133154,False,SL
BEATUSDT,SHORT,2026-06-22T03:25:00+00:00,2026-06-22T03:44:59.999000+00:00,1,22.86,83.69,0.6228,66.0018,1.752,1.7645990707,1.7645990707,1.7268018585,0.719125,-1.251374,-1.140128,0.111246,0.555597,-1.031822,False,SL
SYNUSDT,LONG,2026-06-22T07:15:00+00:00,2026-06-22T07:19:59.999000+00:00,1,44.81,100.0,0.675,78.7215,0.22353,0.2195841131,0.2195841131,0.2314217738,1.765261,-1.10094,-1.055621,0.045319,1.322897,-1.026385,False,SL
SYNUSDT,LONG,2026-06-22T07:30:00+00:00,2026-06-22T07:34:59.999000+00:00,1,58.63,80.67,0.6131,69.6218,0.24216,0.254268,0.236106,0.254268,2.5,1.426521,1.458521,0.032,2.58672,-0.436075,True,TP
BLESSUSDT,SHORT,2026-06-22T08:00:00+00:00,2026-06-22T08:04:59.999000+00:00,1,36.57,95.56,0.6608,74.9192,0.008063,0.0081577065,0.0081577065,0.007873587,1.174581,-1.154289,-1.08618,0.068109,0.126707,-1.161483,False,SL
HEIUSDT,SHORT,2026-06-22T12:55:00+00:00,2026-06-22T13:04:59.999000+00:00,1,23.88,85.48,0.6785,69.1894,0.09185,0.0925010219,0.0925010219,0.0905479561,0.708788,-1.255026,-1.142157,0.112869,0.030721,-1.228837,False,SL
HEIUSDT,SHORT,2026-06-22T13:25:00+00:00,2026-06-22T13:29:59.999000+00:00,1,35.33,100.0,0.725,79.2995,0.09094,0.0915829249,0.0915829249,0.0896541503,0.706977,-1.255676,-1.142519,0.113158,0.0,-1.197652,False,SL
SYNUSDT,SHORT,2026-06-22T13:30:00+00:00,2026-06-22T13:44:59.999000+00:00,1,43.97,98.83,0.6713,77.9192,0.2484,0.237718,0.25461,0.23598,2.5,1.289405,1.321405,0.032,2.653784,-0.202899,True,AMBIGUOUS_STOP_FIRST
SNDKUSDT,LONG,2026-06-22T15:10:00+00:00,2026-06-22T15:24:59.999000+00:00,1,39.73,79.62,0.6098,66.1799,2341.78,2324.2010610504,2324.2010610504,2376.9378778993,0.750666,-1.238721,-1.132149,0.106572,0.636557,-1.033623,False,SL
SNDKUSDT,SHORT,2026-06-22T15:35:00+00:00,2026-06-22T16:14:59.999000+00:00,1,38.31,83.92,0.6235,68.4523,2297.06,2313.7147667951,2313.7147667951,2263.7504664097,0.725047,-1.249329,-1.138992,0.110338,0.591422,-1.395997,False,SL
SYNUSDT,LONG,2026-06-22T16:35:00+00:00,2026-06-22T16:39:59.999000+00:00,1,56.21,99.31,0.6728,80.0327,0.253,0.246675,0.246675,0.26565,2.5,-1.070981,-1.038981,0.032,0.006324,-1.494071,False,SL
QNTXUSDT,SHORT,2026-06-22T16:45:00+00:00,2026-06-22T16:49:59.999000+00:00,1,49.48,77.79,0.6539,68.5846,68.96,69.5879325635,69.5879325635,67.7041348731,0.910575,-1.198733,-1.110876,0.087857,0.0,-1.226246,False,SL
SYNUSDT,LONG,2026-06-22T16:55:00+00:00,2026-06-22T17:04:59.999000+00:00,1,62.3,100.0,0.675,81.345,0.26772,0.261027,0.261027,0.281106,2.5,-1.070981,-1.038981,0.032,0.712685,-1.671896,False,SL
BLESSUSDT,LONG,2026-06-22T17:20:00+00:00,2026-06-22T17:29:59.999000+00:00,1,44.25,100.0,0.725,80.6375,0.01028,0.0103596931,0.01008214,0.0106757199,1.924708,0.607192,0.648757,0.041565,1.430305,-1.278682,True,LOCKED_STOP
SYNUSDT,LONG,2026-06-22T18:20:00+00:00,2026-06-22T18:44:59.999000+00:00,1,43.78,96.08,0.6625,76.3012,0.2656,0.2668128274,0.2595358629,0.2777282742,2.283184,0.520585,0.555624,0.035039,1.022404,-0.756909,True,LOCKED_STOP
BLESSUSDT,LONG,2026-06-22T21:50:00+00:00,2026-06-22T22:09:59.999000+00:00,1,39.27,100.0,0.725,79.8905,0.010827,0.010651008,0.010651008,0.0111789839,1.625491,-1.109705,-1.06049,0.049216,0.511387,-1.289832,False,SL
SYNUSDT,LONG,2026-06-22T22:35:00+00:00,2026-06-22T22:54:59.999000+00:00,1,43.95,96.35,0.6633,76.4828,0.27774,0.307905,0.2707965,0.291627,2.5,2.597525,2.629525,0.032,5.481385,-0.593361,True,AMBIGUOUS_STOP_FIRST
BLESSUSDT,LONG,2026-06-22T22:55:00+00:00,2026-06-22T23:04:59.999000+00:00,1,34.77,93.02,0.6527,73.1811,0.010805,0.0108807152,0.0106529656,0.0111090688,1.407075,0.620369,0.677224,0.056856,1.519393,-0.111817,True,LOCKED_STOP
SYNUSDT,LONG,2026-06-23T01:40:00+00:00,2026-06-23T01:59:59.999000+00:00,1,38.35,93.52,0.6543,74.0071,0.26232,0.255762,0.255762,0.275436,2.5,-1.070981,-1.038981,0.032,0.695334,-1.703263,False,SL
BLESSUSDT,SHORT,2026-06-23T02:10:00+00:00,2026-06-23T02:14:59.999000+00:00,1,67.3,89.04,0.6899,77.7601,0.011173,0.011452325,0.011452325,0.01061435,2.5,-1.073021,-1.041021,0.032,0.393806,-1.020317,False,SL
SYNUSDT,LONG,2026-06-23T02:20:00+00:00,2026-06-23T02:29:59.999000+00:00,1,44.18,89.77,0.6423,72.7141,0.26818,0.2614755,0.2614755,0.281589,2.5,-1.070981,-1.038981,0.032,0.065628,-1.127601,False,SL
SKHYNIXUSDT,SHORT,2026-06-23T02:50:00+00:00,2026-06-23T02:54:59.999000+00:00,1,40.29,100.0,0.725,80.0435,1792.47,1808.1712259097,1808.1712259097,1761.0675481805,0.875955,-1.206548,-1.115219,0.091329,0.25221,-1.259774,False,SL
SKHYNIXUSDT,SHORT,2026-06-23T03:15:00+00:00,2026-06-23T03:34:59.999000+00:00,1,40.16,100.0,0.725,80.024,1783.8,1756.3151129826,1798.3760209281,1754.6479581438,0.817133,1.223912,1.321815,0.097903,2.862235,-0.111828,True,AMBIGUOUS_STOP_FIRST
SOXLUSDT,LONG,2026-06-23T04:00:00+00:00,2026-06-23T04:09:59.999000+00:00,1,48.19,94.1,0.6561,75.8183,284.42,282.2998634299,282.2998634299,288.6602731402,0.745425,-1.240407,-1.133085,0.107321,0.386768,-1.457453,False,SL
SKHYNIXUSDT,SHORT,2026-06-23T04:10:00+00:00,2026-06-23T04:29:59.999000+00:00,1,33.39,81.1,0.6145,66.0843,1777.16,1772.9023365599,1791.674409704,1748.1311805921,0.816719,0.426862,0.524815,0.097953,1.282863,-0.559444,True,LOCKED_STOP
SLXUSDT,LONG,2026-06-23T05:10:00+00:00,2026-06-23T05:14:59.999000+00:00,1,27.31,93.38,0.6538,72.2701,0.20096,0.1986039388,0.1986039388,0.2056721223,1.172403,-1.152489,-1.084253,0.068236,0.089132,-1.570418,False,SL
SLXUSDT,SHORT,2026-06-23T05:25:00+00:00,2026-06-23T06:09:59.999000+00:00,1,30.63,86.96,0.6333,69.0574,0.1957,0.1947178676,0.1982637185,0.190572563,1.310025,0.554796,0.615864,0.061068,1.365204,-0.128719,True,LOCKED_STOP
HEIUSDT,LONG,2026-06-23T06:10:00+00:00,2026-06-23T06:19:59.999000+00:00,1,58.71,93.42,0.6539,77.0033,0.09003,0.0886246847,0.0886246847,0.0928406305,1.560941,-1.114284,-1.063032,0.051251,0.042695,-1.650875,False,SL
SOXLUSDT,SHORT,2026-06-23T06:40:00+00:00,2026-06-23T07:14:59.999000+00:00,1,32.92,83.98,0.6237,67.6784,263.22,266.1988320163,266.1988320163,257.2623359675,1.131689,-1.160099,-1.089408,0.070691,0.990321,-1.195099,False,SL
SKHYNIXUSDT,LONG,2026-06-23T07:15:00+00:00,2026-06-23T07:39:59.999000+00:00,1,43.83,98.77,0.6711,77.8636,1724.01,1705.3420600699,1705.3420600699,1761.3458798601,1.082821,-1.165187,-1.091306,0.073881,0.360511,-1.071891,False,SL
BEATUSDT,SHORT,2026-06-23T07:45:00+00:00,2026-06-23T08:14:59.999000+00:00,1,26.82,92.83,0.7021,73.8787,1.694,1.7070830483,1.7070830483,1.6678339033,0.772317,-1.23413,-1.130546,0.103584,0.382174,-1.681565,False,SL
SYNUSDT,SHORT,2026-06-23T08:50:00+00:00,2026-06-23T08:59:59.999000+00:00,2,39.18,98.75,0.671,77.1545,0.2575,0.2538961852,0.263558283,0.2453834339,2.352731,0.721698,0.755701,0.034003,1.558197,-0.004952,True,LOCKED_STOP
SKHYNIXUSDT,LONG,2026-06-23T09:05:00+00:00,2026-06-23T09:39:59.999000+00:00,2,40.09,100.0,0.725,80.0135,1695.56,1705.7907505845,1682.8735141309,1720.9329717383,0.748218,0.661807,0.768728,0.106921,1.820047,-0.107201,True,LOCKED_STOP
BLESSUSDT,LONG,2026-06-23T09:40:00+00:00,2026-06-23T09:54:59.999000+00:00,1,40.88,90.56,0.6448,72.6757,0.009999,0.0098283553,0.0098283553,0.0103402894,1.706618,-1.104443,-1.057567,0.046876,0.755957,-1.734598,False,SL
BLESSUSDT,LONG,2026-06-23T10:40:00+00:00,2026-06-23T11:29:59.999000+00:00,1,40.05,96.9,0.6651,76.2157,0.010351,0.0103953897,0.0101290513,0.0107948975,2.144225,0.515477,0.552787,0.03731,1.121881,-0.901109,True,LOCKED_STOP
SPCXUSDT,LONG,2026-06-23T13:35:00+00:00,2026-06-23T13:39:59.999000+00:00,1,41.15,79.65,0.6099,66.4102,152.99,151.6738914522,151.6738914522,155.6222170956,0.860258,-1.208182,-1.115187,0.092995,1.215705,-2.621364,False,SL
SOXLUSDT,SHORT,2026-06-23T13:40:00+00:00,2026-06-23T13:49:59.999000+00:00,1,67.94,100.0,0.725,84.191,237.97,236.8781072598,241.6404457502,230.6291084996,1.542399,0.532656,0.584524,0.051867,1.277774,-0.618453,True,LOCKED_STOP
SYNUSDT,LONG,2026-06-23T13:50:00+00:00,2026-06-23T14:09:59.999000+00:00,1,57.67,100.0,0.675,80.6505,0.26325,0.2643704687,0.2576476566,0.2744546867,2.128146,0.514843,0.552435,0.037591,1.006722,-0.349854,True,LOCKED_STOP
BEATUSDT,LONG,2026-06-23T14:10:00+00:00,2026-06-23T14:24:59.999000+00:00,1,43.67,94.85,0.7085,77.5738,1.821,1.8248985954,1.8015070228,1.8599859544,1.070455,0.431294,0.506029,0.074735,1.026011,-0.410404,True,LOCKED_STOP
SNDKUSDT,LONG,2026-06-23T14:25:00+00:00,2026-06-23T14:29:59.999000+00:00,1,35.69,87.42,0.6347,70.0823,2049.01,2023.1791090762,2023.1791090762,2100.6717818475,1.260652,-1.141744,-1.078285,0.063459,0.079362,-1.082425,False,SL
ARXUSDT,SHORT,2026-06-23T14:55:00+00:00,2026-06-23T15:09:59.999000+00:00,1,44.67,86.1,0.6305,70.6663,0.3555,0.3614907659,0.3614907659,0.3435184682,1.685166,-1.107845,-1.060372,0.047473,0.0,-2.370315,False,SL
SLXUSDT,LONG,2026-06-23T15:10:00+00:00,2026-06-23T15:24:59.999000+00:00,1,24.34,100.0,0.725,77.651,0.20181,0.2047823789,0.2003238106,0.2047823789,0.73643,1.254146,1.362778,0.108632,2.005128,-0.800705,True,TP
BEATUSDT,LONG,2026-06-23T15:30:00+00:00,2026-06-23T15:49:59.999000+00:00,1,34.73,92.1,0.6997,74.6433,1.877,1.8936369403,1.8541244324,1.9227511352,1.21873,0.715123,0.780765,0.065642,1.74859,-0.655721,True,LOCKED_STOP
ARXUSDT,SHORT,2026-06-23T15:50:00+00:00,2026-06-23T15:54:59.999000+00:00,1,35.75,100.0,0.725,79.3625,0.357,0.3619709641,0.3619709641,0.3470580717,1.392427,-1.130307,-1.072853,0.057454,0.160935,-1.106425,False,SL
SPCXUSDT,LONG,2026-06-23T16:05:00+00:00,2026-06-23T16:34:59.999000+00:00,1,46.26,100.0,0.675,78.939,162.56,163.9737512536,161.1192758933,165.4414482135,0.886272,0.786608,0.876873,0.090266,1.998995,-0.562217,True,LOCKED_STOP
ARXUSDT,LONG,2026-06-23T16:40:00+00:00,2026-06-23T16:59:59.999000+00:00,1,39.22,79.9,0.6107,66.2652,0.3676,0.3703742443,0.3620999261,0.3786001479,1.496212,0.631178,0.684647,0.053468,1.527252,-0.34545,True,LOCKED_STOP
SOXLUSDT,SHORT,2026-06-23T17:05:00+00:00,2026-06-23T17:14:59.999000+00:00,1,39.42,92.88,0.6522,73.7976,234.54,237.6795485873,237.6795485873,228.2609028255,1.338598,-1.135507,-1.075743,0.059764,0.436368,-1.264513,False,SL
BLESSUSDT,LONG,2026-06-23T17:40:00+00:00,2026-06-23T18:09:59.999000+00:00,2,36.41,100.0,0.725,79.4615,0.009982,0.0100501099,0.0098954623,0.0101550754,0.866937,0.685064,0.777343,0.092279,1.802683,-0.473782,True,LOCKED_STOP
SOXLUSDT,SHORT,2026-06-23T18:20:00+00:00,2026-06-23T18:49:59.999000+00:00,1,33.72,100.0,0.725,79.058,230.64,226.2634688726,232.8458257218,226.2283485564,0.956393,1.305273,1.38892,0.083648,2.955809,-0.888556,True,AMBIGUOUS_STOP_FIRST
BEATUSDT,LONG,2026-06-23T19:50:00+00:00,2026-06-23T19:59:59.999000+00:00,1,62.76,90.71,0.6453,76.0444,2.264,2.2804794926,2.2139818059,2.3640363882,2.209284,0.582619,0.61883,0.036211,1.359505,-0.199927,True,LOCKED_STOP
QNTXUSDT,LONG,2026-06-23T20:10:00+00:00,2026-06-23T22:24:59.999000+00:00,1,42.84,100.0,0.725,80.426,77.43,78.0703291332,76.5575681963,79.1748636073,1.126736,0.706404,0.777405,0.071002,1.753719,-0.20632,True,LOCKED_STOP
SLXUSDT,LONG,2026-06-23T23:50:00+00:00,2026-06-24T00:04:59.999000+00:00,1,48.99,97.98,0.6685,78.1809,0.23005,0.2270610292,0.2270610292,0.2360279416,1.29927,-1.137501,-1.075928,0.061573,0.347946,-1.264649,False,SL
SLXUSDT,LONG,2026-06-24T00:25:00+00:00,2026-06-24T00:34:59.999000+00:00,1,50.81,97.31,0.6664,78.0667,0.23307,0.2336316856,0.230261572,0.2386868561,1.204972,0.450061,0.516452,0.066392,1.171474,-0.363193,True,LOCKED_STOP
SYNUSDT,LONG,2026-06-24T00:40:00+00:00,2026-06-24T01:04:59.999000+00:00,1,41.12,96.46,0.6637,76.1219,0.28333,0.287415525,0.2769844921,0.2960210157,2.239617,0.740753,0.776473,0.03572,1.681504,-0.523205,True,LOCKED_STOP
BEATUSDT,LONG,2026-06-24T01:05:00+00:00,2026-06-24T01:19:59.999000+00:00,1,41.19,96.08,0.6625,75.9127,2.335,2.2804978733,2.2804978733,2.4440042535,2.334138,-1.076095,-1.041821,0.034274,0.238523,-1.614616,False,SL
SYNUSDT,LONG,2026-06-24T02:00:00+00:00,2026-06-24T02:04:59.999000+00:00,1,48.09,92.54,0.6511,74.9016,0.31345,0.30561375,0.30561375,0.3291225,2.5,-1.070981,-1.038981,0.032,0.149306,-1.037486,False,SL
SYNUSDT,LONG,2026-06-24T02:20:00+00:00,2026-06-24T03:14:59.999000+00:00,1,47.98,91.81,0.6488,74.4632,0.31188,0.304083,0.304083,0.327474,2.5,-1.070981,-1.038981,0.032,0.464281,-1.317173,False,SL
SKHYNIXUSDT,SHORT,2026-06-24T03:20:00+00:00,2026-06-24T03:29:59.999000+00:00,1,46.15,94.33,0.6569,75.6452,1622.54,1638.7121313552,1638.7121313552,1590.1957372896,0.996717,-1.181644,-1.10138,0.080264,0.066782,-2.164217,False,SL
SLXUSDT,LONG,2026-06-24T03:30:00+00:00,2026-06-24T03:49:59.999000+00:00,1,67.7,100.0,0.725,84.155,0.23724,0.2378171784,0.2343541082,0.2430117836,1.216444,0.451469,0.517235,0.065765,1.03261,-0.353444,True,LOCKED_STOP
SYNUSDT,SHORT,2026-06-24T03:50:00+00:00,2026-06-24T04:24:59.999000+00:00,1,33.3,83.9,0.6235,67.6892,0.3074,0.2972302886,0.3124848557,0.2972302886,1.65415,1.392653,1.441016,0.048363,2.316683,-0.900714,True,TP
SLXUSDT,LONG,2026-06-24T04:50:00+00:00,2026-06-24T05:04:59.999000+00:00,1,40.6,94.81,0.6584,75.0902,0.24658,0.2530101597,0.2433649202,0.2530101597,1.303869,1.360488,1.421844,0.061356,2.979708,-0.538089,True,TP
